{"type":"FeatureCollection","metadata":{"generated":1666809360000,"url":"https://earthquake.usgs.gov/fdsnws/event/1/query.geojson?starttime=1920-01-01%2000:00:00&endtime=2020-01-01%2000:00:00&maxlatitude=42.402&minlatitude=32.374&maxlongitude=-113.73&minlongitude=-125.068&minmagnitude=6&orderby=time","title":"USGS Earthquakes","status":200,"api":"1.13.6","count":79},"features":[{"type":"Feature","properties":{"mag":7.1,"place":"18km W of Searles Valley, CA","time":1562383193040,"updated":1664385981047,"tz":-480,"url":"https://earthquake.usgs.gov/earthquakes/eventpage/ci38457511","detail":"https://earthquake.usgs.gov/fdsnws/event/1/query?eventid=ci38457511&format=geojson","felt":24384,"cdi":8.7,"mmi":8.73,"alert":"yellow","status":"reviewed","tsunami":0,"sig":1646,"net":"ci","code":"38457511","ids":",ci38457511,us70004bn0,at00pu7alg,pt19187000,","sources":",ci,us,at,pt,","types":",dyfi,finite-fault,focal-mechanism,general-link,general-text,geoserve,ground-failure,impact-text,losspager,moment-tensor,nearby-cities,oaf,origin,phase-data,poster,scitech-link,shakemap,","nst":77,"dmin":0.04616,"rms":0.22,"gap":43,"magType":"mw","type":"earthquake","title":"M 7.1 - 18km W of Searles Valley, CA"},"geometry":{"type":"Point","coordinates":[-117.5993333,35.7695,8]},"id":"ci38457511"},
{"type":"Feature","properties":{"mag":6.4,"place":"Ridgecrest Earthquake Sequence","time":1562261629000,"updated":1663733819831,"tz":null,"url":"https://earthquake.usgs.gov/earthquakes/eventpage/ci38443183","detail":"https://earthquake.usgs.gov/fdsnws/event/1/query?eventid=ci38443183&format=geojson","felt":27541,"cdi":7.9,"mmi":8.377,"alert":"yellow","status":"reviewed","tsunami":1,"sig":1440,"net":"ci","code":"38443183","ids":",us70004a0g,ci38443183,at00pu4osc,pt19185001,nn00689167,","sources":",us,ci,at,pt,nn,","types":",dyfi,focal-mechanism,general-link,general-text,ground-failure,impact-link,impact-text,losspager,moment-tensor,nearby-cities,origin,phase-data,scitech-link,shakemap,","nst":62,"dmin":0.1233,"rms":0.16,"gap":47,"magType":"mw","type":"earthquake","title":"M 6.4 - Ridgecrest Earthquake Sequence"},"geometry":{"type":"Point","coordinates":[-117.5038333,35.7053333,10.5]},"id":"ci38443183"},
{"type":"Feature","properties":{"mag":6.02,"place":"South Napa","time":1408875644070,"updated":1651601875653,"tz":null,"url":"https://earthquake.usgs.gov/earthquakes/eventpage/nc72282711","detail":"https://earthquake.usgs.gov/fdsnws/event/1/query?eventid=nc72282711&format=geojson","felt":16679,"cdi":7.6,"mmi":8.197,"alert":"red","status":"reviewed","tsunami":1,"sig":2760,"net":"nc","code":"72282711","ids":",at00nat3ek,nc72282711,usb000s5tp,iscgem610572079,atlas20140824102044,","sources":",at,nc,us,iscgem,atlas,","types":",cap,dyfi,finite-fault,focal-mechanism,general-link,ground-failure,image,impact-link,impact-text,losspager,moment-tensor,nearby-cities,origin,phase-data,poster,scitech-link,shakemap,","nst":369,"dmin":0.03604,"rms":0.18,"gap":28,"magType":"mw","type":"earthquake","title":"M 6.0 - South Napa"},"geometry":{"type":"Point","coordinates":[-122.3123333,38.2151667,11.12]},"id":"nc72282711"},
{"type":"Feature","properties":{"mag":6.5,"place":"37 km WNW of Ferndale, California","time":1263083259320,"updated":1659742007399,"tz":null,"url":"https://earthquake.usgs.gov/earthquakes/eventpage/nc71338066","detail":"https://earthquake.usgs.gov/fdsnws/event/1/query?eventid=nc71338066&format=geojson","felt":8931,"cdi":7.1,"mmi":6.797,"alert":null,"status":"reviewed","tsunami":0,"sig":1360,"net":"nc","code":"71338066","ids":",nc71338066,choy20100110002739,gcmtc201001100027a,usp000h5we,gcmt20100110002739,duputel201001100027a,iscgem14223208,atlas20100110002739,","sources":",nc,choy,gcmt,us,gcmt,duputel,iscgem,atlas,","types":",dyfi,focal-mechanism,general-text,impact-text,moment-tensor,nearby-cities,origin,phase-data,poster,shakemap,trump-shakemap,","nst":51,"dmin":0.3225,"rms":0.2,"gap":220,"magType":"mw","type":"earthquake","title":"M 6.5 - 37 km WNW of Ferndale, California"},"geometry":{"type":"Point","coordinates":[-124.6925,40.652,28.737]},"id":"nc71338066"},
{"type":"Feature","properties":{"mag":6.5,"place":"10 km NE of San Simeon, California","time":1072120556240,"updated":1655538165387,"tz":null,"url":"https://earthquake.usgs.gov/earthquakes/eventpage/nc21323712","detail":"https://earthquake.usgs.gov/fdsnws/event/1/query?eventid=nc21323712&format=geojson","felt":21664,"cdi":7.4,"mmi":8.571,"alert":null,"status":"reviewed","tsunami":0,"sig":1390,"net":"nc","code":"21323712","ids":",nc40148755,ci9966449,nc21323712,choy20031222191556,gcmtc122203c,usp000cftb,gcmt20031222191556,duputel122203c,iscgem7215050,atlas20031222191558,","sources":",nc,ci,nc,choy,gcmt,us,gcmt,duputel,iscgem,atlas,","types":",associate,dyfi,focal-mechanism,ground-failure,impact-text,moment-tensor,nearby-cities,origin,phase-data,poster,shakemap,trump-shakemap,","nst":65,"dmin":0.04685,"rms":0.07,"gap":71,"magType":"mw","type":"earthquake","title":"M 6.5 - 10 km NE of San Simeon, California"},"geometry":{"type":"Point","coordinates":[-121.1005,35.7005,8.382]},"id":"nc21323712"},
{"type":"Feature","properties":{"mag":7.1,"place":"Hector Mine, CA Earthquake","time":940067204460,"updated":1660029625134,"tz":null,"url":"https://earthquake.usgs.gov/earthquakes/eventpage/ci9108652","detail":"https://earthquake.usgs.gov/fdsnws/event/1/query?eventid=ci9108652&format=geojson","felt":25120,"cdi":8,"mmi":8.322,"alert":null,"status":"reviewed","tsunami":0,"sig":1576,"net":"ci","code":"9108652","ids":",ci9108652,cihectormi,choy19991016094644,usp0009fwb,gcmt19991016094644,duputel101699c,iscgem1643776,atlas19991016094648,","sources":",ci,ci,choy,us,gcmt,duputel,iscgem,atlas,","types":",associate,dyfi,earthquake-name,focal-mechanism,ground-failure,impact-text,moment-tensor,nearby-cities,origin,phase-data,shakemap,trump-shakemap,","nst":73,"dmin":null,"rms":0.31,"gap":57,"magType":"mw","type":"earthquake","title":"M 7.1 - Hector Mine, CA Earthquake"},"geometry":{"type":"Point","coordinates":[-116.265,34.6033333,13.73]},"id":"ci9108652"},
{"type":"Feature","properties":{"mag":6.1,"place":"4 km S of Carter Springs, Nevada","time":779372623250,"updated":1651167104169,"tz":null,"url":"https://earthquake.usgs.gov/earthquakes/eventpage/usp0006j9b","detail":"https://earthquake.usgs.gov/fdsnws/event/1/query?eventid=usp0006j9b&format=geojson","felt":null,"cdi":null,"mmi":7.348,"alert":null,"status":"reviewed","tsunami":0,"sig":572,"net":"us","code":"p0006j9b","ids":",ci3184133,choy19940912122343,gcmtb091294e,usp0006j9b,gcmt19940912122343,iscgem155748,atlas19940912122343,","sources":",ci,choy,gcmt,us,gcmt,iscgem,atlas,","types":",associate,focal-mechanism,impact-text,nearby-cities,origin,phase-data,shakemap,touch,trump-shakemap,","nst":null,"dmin":null,"rms":null,"gap":null,"magType":"mwb","type":"earthquake","title":"M 6.1 - 4 km S of Carter Springs, Nevada"},"geometry":{"type":"Point","coordinates":[-119.652,38.819,14]},"id":"usp0006j9b"},
{"type":"Feature","properties":{"mag":6.7,"place":"1km NNW of Reseda, CA","time":758809855390,"updated":1661308710220,"tz":null,"url":"https://earthquake.usgs.gov/earthquakes/eventpage/ci3144585","detail":"https://earthquake.usgs.gov/fdsnws/event/1/query?eventid=ci3144585&format=geojson","felt":9936,"cdi":8.7,"mmi":8.794,"alert":null,"status":"reviewed","tsunami":0,"sig":1561,"net":"ci","code":"3144585","ids":",cinorthrid,ci3144585,choy19940117123055,gcmtc011794b,usp00066k9,gcmt19940117123055,iscgem189275,atlas19940117123055,","sources":",ci,ci,choy,gcmt,us,gcmt,iscgem,atlas,","types":",associate,dyfi,focal-mechanism,general-link,ground-failure,impact-text,nearby-cities,origin,phase-data,shakemap,trump-shakemap,","nst":0,"dmin":null,"rms":0.31,"gap":29.7,"magType":"mw","type":"earthquake","title":"M 6.7 - 1km NNW of Reseda, CA"},"geometry":{"type":"Point","coordinates":[-118.537,34.213,18.202]},"id":"ci3144585"},
{"type":"Feature","properties":{"mag":6,"place":"27 km WNW of Klamath Falls, Oregon","time":748590335230,"updated":1651168859603,"tz":null,"url":"https://earthquake.usgs.gov/earthquakes/eventpage/uw10313838","detail":"https://earthquake.usgs.gov/fdsnws/event/1/query?eventid=uw10313838&format=geojson","felt":null,"cdi":null,"mmi":7.396,"alert":null,"status":"reviewed","tsunami":0,"sig":554,"net":"uw","code":"10313838","ids":",uw10313838,gcmtb092193b,usp00060r3,nc30029039,ci3123135,gcmt19930921054534,iscgem209133,atlas19930921054533,","sources":",uw,gcmt,us,nc,ci,gcmt,iscgem,atlas,","types":",associate,focal-mechanism,ground-failure,impact-text,moment-tensor,nearby-cities,origin,phase-data,scitech-link,shakemap,touch,trump-shakemap,","nst":234,"dmin":null,"rms":0.08,"gap":128,"magType":"md","type":"earthquake","title":"M 6.0 - 27 km WNW of Klamath Falls, Oregon"},"geometry":{"type":"Point","coordinates":[-122.0583333,42.3575,8.53]},"id":"uw10313838"},
{"type":"Feature","properties":{"mag":6.1,"place":"46km E of Big Pine, California","time":737680850250,"updated":1651169566923,"tz":null,"url":"https://earthquake.usgs.gov/earthquakes/eventpage/ci3105173","detail":"https://earthquake.usgs.gov/fdsnws/event/1/query?eventid=ci3105173&format=geojson","felt":null,"cdi":null,"mmi":7.518,"alert":"green","status":"reviewed","tsunami":0,"sig":572,"net":"ci","code":"3105173","ids":",choy19930517232049,gcmtc051793j,ci3105173,usp0005sz7,gcmt19930517232049,iscgem232947,atlas19930517232051,","sources":",choy,gcmt,ci,us,gcmt,iscgem,atlas,","types":",focal-mechanism,ground-failure,impact-text,losspager,nearby-cities,origin,phase-data,shakemap,trump-shakemap,","nst":0,"dmin":null,"rms":0.344,"gap":170.4,"magType":"mw","type":"earthquake","title":"M 6.1 - 46km E of Big Pine, California"},"geometry":{"type":"Point","coordinates":[-117.774,37.165,3.599]},"id":"ci3105173"},
{"type":"Feature","properties":{"mag":6.3,"place":"The 1992 Big Bear Earthquake, California","time":709743930730,"updated":1656532278290,"tz":null,"url":"https://earthquake.usgs.gov/earthquakes/eventpage/ci3031425","detail":"https://earthquake.usgs.gov/fdsnws/event/1/query?eventid=ci3031425&format=geojson","felt":331,"cdi":8.1,"mmi":7.996,"alert":null,"status":"reviewed","tsunami":0,"sig":879,"net":"ci","code":"3031425","ids":",ci3031425,choy19920628150530,gcmtc062892h,usp00059t6,gcmt19920628150530,iscgem289115,atlas19920628150532,","sources":",ci,choy,gcmt,us,gcmt,iscgem,atlas,","types":",associate,dyfi,focal-mechanism,ground-failure,impact-text,nearby-cities,origin,phase-data,shakemap,trump-shakemap,","nst":0,"dmin":null,"rms":0.226,"gap":95.4,"magType":"mw","type":"earthquake","title":"M 6.3 - The 1992 Big Bear Earthquake, California"},"geometry":{"type":"Point","coordinates":[-116.827,34.203,3.634]},"id":"ci3031425"},
{"type":"Feature","properties":{"mag":7.3,"place":"The 1992 Landers Earthquake, California","time":709732654130,"updated":1663916381537,"tz":null,"url":"https://earthquake.usgs.gov/earthquakes/eventpage/ci3031111","detail":"https://earthquake.usgs.gov/fdsnws/event/1/query?eventid=ci3031111&format=geojson","felt":626,"cdi":9,"mmi":9.296,"alert":null,"status":"reviewed","tsunami":0,"sig":1383,"net":"ci","code":"3031111","ids":",ci3031111,cilanders,choy19920628115734,gcmtc062892c,usp00059sn,gcmt19920628115735,duputel062892c,iscgem289086,atlas19920628115739,","sources":",ci,ci,choy,gcmt,us,gcmt,duputel,iscgem,atlas,","types":",associate,dyfi,focal-mechanism,general-link,ground-failure,impact-text,moment-tensor,nearby-cities,origin,phase-data,shakemap,trump-shakemap,","nst":0,"dmin":null,"rms":0.194,"gap":43.4,"magType":"mw","type":"earthquake","title":"M 7.3 - The 1992 Landers Earthquake, California"},"geometry":{"type":"Point","coordinates":[-116.437,34.2,-0.097]},"id":"ci3031111"},
{"type":"Feature","properties":{"mag":6.57,"place":"32 km SW of Ferndale, California","time":704287105980,"updated":1651171848286,"tz":null,"url":"https://earthquake.usgs.gov/earthquakes/eventpage/nc268078","detail":"https://earthquake.usgs.gov/fdsnws/event/1/query?eventid=nc268078&format=geojson","felt":null,"cdi":null,"mmi":7.478,"alert":null,"status":"reviewed","tsunami":0,"sig":664,"net":"nc","code":"268078","ids":",nc268078,choy19920426111825,gcmtc042692d,usp00056g0,duputel042692d,ci2048756,gcmt19920426111825,iscgem297404,atlas19920426111827,","sources":",nc,choy,gcmt,us,duputel,ci,gcmt,iscgem,atlas,","types":",associate,focal-mechanism,impact-text,moment-tensor,nearby-cities,origin,phase-data,shakemap,touch,trump-shakemap,","nst":25,"dmin":0.1901,"rms":0.07,"gap":247,"magType":"mw","type":"earthquake","title":"M 6.6 - 32 km SW of Ferndale, California"},"geometry":{"type":"Point","coordinates":[-124.555,40.3828333,21.713]},"id":"nc268078"},
{"type":"Feature","properties":{"mag":6.45,"place":"30 km WSW of Ferndale, California","time":704274100090,"updated":1651171846737,"tz":null,"url":"https://earthquake.usgs.gov/earthquakes/eventpage/nc268031","detail":"https://earthquake.usgs.gov/fdsnws/event/1/query?eventid=nc268031&format=geojson","felt":null,"cdi":null,"mmi":7.54,"alert":null,"status":"reviewed","tsunami":0,"sig":640,"net":"nc","code":"268031","ids":",choy19920426074139,gcmtc042692c,usp00056fp,gcmt19920426074139,nc268031,ci2048712,iscgem297384,atlas19920426074142,","sources":",choy,gcmt,us,gcmt,nc,ci,iscgem,atlas,","types":",focal-mechanism,impact-text,moment-tensor,nearby-cities,origin,phase-data,shakemap,trump-shakemap,","nst":34,"dmin":0.1802,"rms":0.12,"gap":248,"magType":"mw","type":"earthquake","title":"M 6.5 - 30 km WSW of Ferndale, California"},"geometry":{"type":"Point","coordinates":[-124.566,40.4325,18.824]},"id":"nc268031"},
{"type":"Feature","properties":{"mag":7.2,"place":"19 km SSW of Scotia, California","time":704225165180,"updated":1651166636852,"tz":null,"url":"https://earthquake.usgs.gov/earthquakes/eventpage/nc269151","detail":"https://earthquake.usgs.gov/fdsnws/event/1/query?eventid=nc269151&format=geojson","felt":117,"cdi":9,"mmi":8.059,"alert":null,"status":"reviewed","tsunami":0,"sig":903,"net":"nc","code":"269151","ids":",nc269151,choy19920425180604,gcmtc042592e,usp00056e1,duputel042592e,ci2048554,gcmt19920425180604,iscgem297295,atlas19920425180604,","sources":",nc,choy,gcmt,us,duputel,ci,gcmt,iscgem,atlas,","types":",associate,dyfi,focal-mechanism,ground-failure,impact-text,moment-tensor,nearby-cities,origin,phase-data,shakemap,touch,trump-shakemap,","nst":9,"dmin":0.1072,"rms":0.07,"gap":115,"magType":"mh","type":"earthquake","title":"M 7.2 - 19 km SSW of Scotia, California"},"geometry":{"type":"Point","coordinates":[-124.2286667,40.3353333,9.856]},"id":"nc269151"},
{"type":"Feature","properties":{"mag":6.1,"place":"The 1992 Joshua Tree Earthquake, California","time":704004623230,"updated":1651878675256,"tz":null,"url":"https://earthquake.usgs.gov/earthquakes/eventpage/ci3019681","detail":"https://earthquake.usgs.gov/fdsnws/event/1/query?eventid=ci3019681&format=geojson","felt":null,"cdi":null,"mmi":7.394,"alert":null,"status":"reviewed","tsunami":0,"sig":572,"net":"ci","code":"3019681","ids":",choy19920423045023,gcmtc042392a,ci3019681,usp000566s,gcmt19920423045022,iscgem296868,atlas19920423045025,","sources":",choy,gcmt,ci,us,gcmt,iscgem,atlas,","types":",focal-mechanism,ground-failure,impact-text,nearby-cities,origin,phase-data,shakemap,trump-shakemap,","nst":0,"dmin":null,"rms":0.256,"gap":63.1,"magType":"mw","type":"earthquake","title":"M 6.1 - The 1992 Joshua Tree Earthquake, California"},"geometry":{"type":"Point","coordinates":[-116.317,33.96,11.629]},"id":"ci3019681"},
{"type":"Feature","properties":{"mag":6,"place":"30 km SSW of Scotia, California","time":682457380000,"updated":1651172731058,"tz":null,"url":"https://earthquake.usgs.gov/earthquakes/eventpage/nc228027","detail":"https://earthquake.usgs.gov/fdsnws/event/1/query?eventid=nc228027&format=geojson","felt":null,"cdi":null,"mmi":7.071,"alert":null,"status":"reviewed","tsunami":0,"sig":554,"net":"nc","code":"228027","ids":",choy19910817192940,gcmtc081791f,nc228027,usp0004vgu,gcmt19910817192940,iscgem323152,atlas19910817192940,","sources":",choy,gcmt,nc,us,gcmt,iscgem,atlas,","types":",focal-mechanism,ground-failure,impact-text,nearby-cities,origin,phase-data,shakemap,trump-shakemap,","nst":32,"dmin":0.1063,"rms":0.09,"gap":196,"magType":"ml","type":"earthquake","title":"M 6.0 - 30 km SSW of Scotia, California"},"geometry":{"type":"Point","coordinates":[-124.2858333,40.2516667,8.32]},"id":"nc228027"},
{"type":"Feature","properties":{"mag":6.9,"place":"Loma Prieta, California Earthquake","time":624672255190,"updated":1666803826415,"tz":null,"url":"https://earthquake.usgs.gov/earthquakes/eventpage/nc216859","detail":"https://earthquake.usgs.gov/fdsnws/event/1/query?eventid=nc216859&format=geojson","felt":11519,"cdi":8.7,"mmi":8.532,"alert":null,"status":"reviewed","tsunami":0,"sig":1602,"net":"nc","code":"216859","ids":",nc216859,nclomaprie,usp00040t8,choy19891018000415,gcmtm101889a,ushis4150,gcmt19891018000415,iscgem389808,atlas19891018000415,","sources":",nc,nc,us,choy,gcmt,ushis,gcmt,iscgem,atlas,","types":",associate,dyfi,focal-mechanism,general-link,ground-failure,impact-text,nearby-cities,oaf,origin,phase-data,shakemap,trump-shakemap,","nst":84,"dmin":0.008108,"rms":0.08,"gap":89,"magType":"mh","type":"earthquake","title":"M 6.9 - Loma Prieta, California Earthquake"},"geometry":{"type":"Point","coordinates":[-121.8798333,37.0361667,17.214]},"id":"nc216859"},
{"type":"Feature","properties":{"mag":6.6,"place":"22km W of Westmorland, CA","time":564758156710,"updated":1651095024666,"tz":null,"url":"https://earthquake.usgs.gov/earthquakes/eventpage/ci628016","detail":"https://earthquake.usgs.gov/fdsnws/event/1/query?eventid=ci628016&format=geojson","felt":null,"cdi":null,"mmi":8.352,"alert":null,"status":"reviewed","tsunami":0,"sig":670,"net":"ci","code":"628016","ids":",ci628016,gcmtc112487g,ushis4052,usp0003afe,gcmt19871124131556,iscgem453722,atlas19871124131557,","sources":",ci,gcmt,ushis,us,gcmt,iscgem,atlas,","types":",associate,focal-mechanism,ground-failure,impact-text,origin,phase-data,shakemap,touch,trump-shakemap,","nst":0,"dmin":null,"rms":0.388,"gap":51.3,"magType":"mw","type":"earthquake","title":"M 6.6 - 22km W of Westmorland, CA"},"geometry":{"type":"Point","coordinates":[-115.852,33.015,11.181]},"id":"ci628016"},
{"type":"Feature","properties":{"mag":6.2,"place":"17km WNW of Westmorland, CA","time":564717254660,"updated":1651095015075,"tz":null,"url":"https://earthquake.usgs.gov/earthquakes/eventpage/ci134894","detail":"https://earthquake.usgs.gov/fdsnws/event/1/query?eventid=ci134894&format=geojson","felt":null,"cdi":null,"mmi":7.895,"alert":null,"status":"reviewed","tsunami":0,"sig":591,"net":"ci","code":"134894","ids":",ci134894,gcmtb112487a,ushis4048,usp0003adn,gcmt19871124015414,iscgem453653,atlas19871124015419,","sources":",ci,gcmt,ushis,us,gcmt,iscgem,atlas,","types":",associate,focal-mechanism,ground-failure,impact-text,origin,phase-data,shakemap,touch,trump-shakemap,","nst":0,"dmin":null,"rms":0.321,"gap":35.4,"magType":"mw","type":"earthquake","title":"M 6.2 - 17km WNW of Westmorland, CA"},"geometry":{"type":"Point","coordinates":[-115.792,33.09,10.853]},"id":"ci134894"},
{"type":"Feature","properties":{"mag":6.4,"place":"15 km NNE of Mesa, California","time":522340946000,"updated":1651097420652,"tz":null,"url":"https://earthquake.usgs.gov/earthquakes/eventpage/nc10085763","detail":"https://earthquake.usgs.gov/fdsnws/event/1/query?eventid=nc10085763&format=geojson","felt":null,"cdi":null,"mmi":8.145,"alert":null,"status":"reviewed","tsunami":0,"sig":630,"net":"nc","code":"10085763","ids":",ci602779,iscgem491308,gcmtc072186b,nc10085763,ushis3969,usp0002w9m,gcmt19860721144226,atlas19860721144228,","sources":",ci,iscgem,gcmt,nc,ushis,us,gcmt,atlas,","types":",associate,focal-mechanism,ground-failure,impact-text,nearby-cities,origin,phase-data,shakemap,touch,trump-shakemap,","nst":42,"dmin":0.09369,"rms":0.06,"gap":55,"magType":"ml","type":"earthquake","title":"M 6.4 - 15 km NNE of Mesa, California"},"geometry":{"type":"Point","coordinates":[-118.4428333,37.538,8.804]},"id":"nc10085763"},
{"type":"Feature","properties":{"mag":6,"place":"6km SSW of Morongo Valley, CA","time":521198444560,"updated":1659868321144,"tz":null,"url":"https://earthquake.usgs.gov/earthquakes/eventpage/ci700917","detail":"https://earthquake.usgs.gov/fdsnws/event/1/query?eventid=ci700917&format=geojson","felt":67,"cdi":8,"mmi":7.241,"alert":null,"status":"reviewed","tsunami":0,"sig":607,"net":"ci","code":"700917","ids":",ci700917,cinorthpal,gcmtb070886a,ushis3958,usp0002vtg,gcmt19860708092044,iscgem490261,atlas19860708092045,","sources":",ci,ci,gcmt,ushis,us,gcmt,iscgem,atlas,","types":",associate,dyfi,focal-mechanism,ground-failure,impact-text,nearby-cities,origin,phase-data,shakemap,touch,trump-shakemap,","nst":0,"dmin":null,"rms":0.092,"gap":26.6,"magType":"mw","type":"earthquake","title":"M 6.0 - 6km SSW of Morongo Valley, CA"},"geometry":{"type":"Point","coordinates":[-116.608,33.999,9.468]},"id":"ci700917"},
{"type":"Feature","properties":{"mag":6.1,"place":"4 km NNW of Round Valley, California","time":470081305360,"updated":1651100937643,"tz":null,"url":"https://earthquake.usgs.gov/earthquakes/eventpage/nc32321","detail":"https://earthquake.usgs.gov/fdsnws/event/1/query?eventid=nc32321&format=geojson","felt":null,"cdi":null,"mmi":7.113,"alert":null,"status":"reviewed","tsunami":0,"sig":572,"net":"nc","code":"32321","ids":",nc32321,gcmtb112384c,ushis3869,usp00029bh,gcmt19841123180824,iscgem539737,atlas19841123180825,ci54514,","sources":",nc,gcmt,ushis,us,gcmt,iscgem,atlas,ci,","types":",associate,focal-mechanism,ground-failure,impact-text,nearby-cities,origin,phase-data,shakemap,trump-shakemap,","nst":31,"dmin":0.1135,"rms":0.08,"gap":66,"magType":"ml","type":"earthquake","title":"M 6.1 - 4 km NNW of Round Valley, California"},"geometry":{"type":"Point","coordinates":[-118.6071667,37.4596667,8.096]},"id":"nc32321"},
{"type":"Feature","properties":{"mag":6.2,"place":"14 km E of Seven Trees, California","time":451689318760,"updated":1651102063358,"tz":null,"url":"https://earthquake.usgs.gov/earthquakes/eventpage/nc17204","detail":"https://earthquake.usgs.gov/fdsnws/event/1/query?eventid=nc17204&format=geojson","felt":null,"cdi":null,"mmi":8.047,"alert":null,"status":"reviewed","tsunami":0,"sig":591,"net":"nc","code":"17204","ids":",nc17204,gcmtb042484c,ushis3845,usp00023vb,gcmt19840424211519,iscgem555788,atlas19840424211520,","sources":",nc,gcmt,ushis,us,gcmt,iscgem,atlas,","types":",associate,focal-mechanism,ground-failure,impact-text,nearby-cities,origin,phase-data,shakemap,touch,trump-shakemap,","nst":101,"dmin":0.05135,"rms":0.06,"gap":26,"magType":"ml","type":"earthquake","title":"M 6.2 - 14 km E of Seven Trees, California"},"geometry":{"type":"Point","coordinates":[-121.6788333,37.3096667,8.193]},"id":"nc17204"},
{"type":"Feature","properties":{"mag":6.7,"place":"11 km NNE of Coalinga, California","time":420766958060,"updated":1663299814191,"tz":null,"url":"https://earthquake.usgs.gov/earthquakes/eventpage/nc1091100","detail":"https://earthquake.usgs.gov/fdsnws/event/1/query?eventid=nc1091100&format=geojson","felt":73,"cdi":8.3,"mmi":8.234,"alert":null,"status":"reviewed","tsunami":0,"sig":751,"net":"nc","code":"1091100","ids":",nc1091100,choy19830502234247,gcmtb050283a,ushis3787,usp0001uxa,ci1105860,gcmt19830502234237,iscgem575305,atlas19830502234237,","sources":",nc,choy,gcmt,ushis,us,ci,gcmt,iscgem,atlas,","types":",associate,dyfi,focal-mechanism,ground-failure,impact-text,nearby-cities,origin,phase-data,shakemap,trump-shakemap,","nst":64,"dmin":0.03063,"rms":0.07,"gap":137,"magType":"ml","type":"earthquake","title":"M 6.7 - 11 km NNE of Coalinga, California"},"geometry":{"type":"Point","coordinates":[-120.312,36.2316667,9.578]},"id":"nc1091100"},
{"type":"Feature","properties":{"mag":7.2,"place":"11 km WSW of Big Lagoon, California","time":342527254000,"updated":1651108813409,"tz":null,"url":"https://earthquake.usgs.gov/earthquakes/eventpage/usp0001aq1","detail":"https://earthquake.usgs.gov/fdsnws/event/1/query?eventid=usp0001aq1&format=geojson","felt":null,"cdi":null,"mmi":6.383,"alert":null,"status":"reviewed","tsunami":0,"sig":798,"net":"us","code":"p0001aq1","ids":",gcmtz110880a,usp0001aq1,ushis3677,gcmt19801108102734,iscgem635132,atlas19801108102735,","sources":",gcmt,us,ushis,gcmt,iscgem,atlas,","types":",associate,focal-mechanism,impact-text,origin,shakemap,touch,trump-shakemap,","nst":null,"dmin":null,"rms":null,"gap":null,"magType":"mw","type":"earthquake","title":"M 7.2 - 11 km WSW of Big Lagoon, California"},"geometry":{"type":"Point","coordinates":[-124.253,41.117,19]},"id":"usp0001aq1"},
{"type":"Feature","properties":{"mag":6.2,"place":"9 km SW of Aspen Springs, California","time":328287056810,"updated":1651109902383,"tz":null,"url":"https://earthquake.usgs.gov/earthquakes/eventpage/nc1053177","detail":"https://earthquake.usgs.gov/fdsnws/event/1/query?eventid=nc1053177&format=geojson","felt":null,"cdi":null,"mmi":6.564,"alert":null,"status":"reviewed","tsunami":0,"sig":591,"net":"nc","code":"1053177","ids":",nc1053177,gcmtb052780a,ushis3650,gcmt19800527145057,iscgem646533,atlas19800527145057,ci9728478,usp00017nj,","sources":",nc,gcmt,ushis,gcmt,iscgem,atlas,ci,us,","types":",associate,focal-mechanism,ground-failure,impact-text,nearby-cities,origin,phase-data,shakemap,touch,trump-shakemap,","nst":19,"dmin":0.04685,"rms":0.12,"gap":183,"magType":"ml","type":"earthquake","title":"M 6.2 - 9 km SW of Aspen Springs, California"},"geometry":{"type":"Point","coordinates":[-118.8055,37.5033333,13.795]},"id":"nc1053177"},
{"type":"Feature","properties":{"mag":6.1,"place":"8 km W of Aspen Springs, California","time":328131890910,"updated":1651109873969,"tz":null,"url":"https://earthquake.usgs.gov/earthquakes/eventpage/nc1053054","detail":"https://earthquake.usgs.gov/fdsnws/event/1/query?eventid=nc1053054&format=geojson","felt":null,"cdi":null,"mmi":7.121,"alert":null,"status":"reviewed","tsunami":0,"sig":572,"net":"nc","code":"1053054","ids":",ci3308037,gcmtb052580b,nc1053054,ushis3636,gcmt19800525194451,iscgem646265,usp00017f4,atlas19800525194452,","sources":",ci,gcmt,nc,ushis,gcmt,iscgem,us,atlas,","types":",associate,focal-mechanism,ground-failure,impact-text,nearby-cities,origin,phase-data,shakemap,touch,trump-shakemap,","nst":7,"dmin":0.03964,"rms":0.1,"gap":191,"magType":"ml","type":"earthquake","title":"M 6.1 - 8 km W of Aspen Springs, California"},"geometry":{"type":"Point","coordinates":[-118.807,37.5538333,11.856]},"id":"nc1053054"},
{"type":"Feature","properties":{"mag":6,"place":"7 km ENE of Mammoth Lakes, California","time":328121367160,"updated":1651109872136,"tz":null,"url":"https://earthquake.usgs.gov/earthquakes/eventpage/nc1053045","detail":"https://earthquake.usgs.gov/fdsnws/event/1/query?eventid=nc1053045&format=geojson","felt":null,"cdi":null,"mmi":7.335,"alert":null,"status":"reviewed","tsunami":0,"sig":554,"net":"nc","code":"1053045","ids":",nc1053045,ushis3630,iscgem646225,atlas19800525164927,ci12333427,usp00017e4,","sources":",nc,ushis,iscgem,atlas,ci,us,","types":",ground-failure,impact-text,nearby-cities,origin,phase-data,shakemap,touch,","nst":42,"dmin":0.06126,"rms":1.35,"gap":55,"magType":"ml","type":"earthquake","title":"M 6.0 - 7 km ENE of Mammoth Lakes, California"},"geometry":{"type":"Point","coordinates":[-118.8996667,37.6768333,6.686]},"id":"nc1053045"},
{"type":"Feature","properties":{"mag":6.1,"place":"11 km WNW of Aspen Springs, California","time":328120424000,"updated":1651109870349,"tz":null,"url":"https://earthquake.usgs.gov/earthquakes/eventpage/nc1053043","detail":"https://earthquake.usgs.gov/fdsnws/event/1/query?eventid=nc1053043&format=geojson","felt":null,"cdi":null,"mmi":8.371,"alert":null,"status":"reviewed","tsunami":0,"sig":572,"net":"nc","code":"1053043","ids":",nc1053043,ushis3629,gcmt19800525163344,ci3309599,iscgem646221,atlas19800525163347,usp00017e0,","sources":",nc,ushis,gcmt,ci,iscgem,atlas,us,","types":",focal-mechanism,ground-failure,impact-text,nearby-cities,origin,phase-data,shakemap,touch,trump-shakemap,","nst":11,"dmin":0.004505,"rms":0.15,"gap":159,"magType":"ml","type":"earthquake","title":"M 6.1 - 11 km WNW of Aspen Springs, California"},"geometry":{"type":"Point","coordinates":[-118.831,37.5903333,6.806]},"id":"nc1053043"},
{"type":"Feature","properties":{"mag":6.4,"place":"10km E of Mexicali, B.C., MX","time":308877413910,"updated":1659716615126,"tz":null,"url":"https://earthquake.usgs.gov/earthquakes/eventpage/ci3352060","detail":"https://earthquake.usgs.gov/fdsnws/event/1/query?eventid=ci3352060&format=geojson","felt":88,"cdi":8.8,"mmi":8.918,"alert":null,"status":"reviewed","tsunami":0,"sig":708,"net":"ci","code":"3352060","ids":",atlas19791015231754,ci3352060,gcmtz101579a,ushis3536,iscgem657282,usp00013ee,","sources":",atlas,ci,gcmt,ushis,iscgem,us,","types":",associate,dyfi,focal-mechanism,ground-failure,impact-text,nearby-cities,origin,phase-data,shakemap,trump-shakemap,","nst":78,"dmin":null,"rms":0.5,"gap":168,"magType":"mw","type":"earthquake","title":"M 6.4 - 10km E of Mexicali, B.C., MX"},"geometry":{"type":"Point","coordinates":[-115.3591667,32.6673333,15]},"id":"ci3352060"},
{"type":"Feature","properties":{"mag":6.3,"place":"67 km W of Trinidad, California","time":217855172070,"updated":1651078105308,"tz":null,"url":"https://earthquake.usgs.gov/earthquakes/eventpage/nc1032447","detail":"https://earthquake.usgs.gov/fdsnws/event/1/query?eventid=nc1032447&format=geojson","felt":null,"cdi":null,"mmi":4.552,"alert":null,"status":"reviewed","tsunami":0,"sig":611,"net":"nc","code":"1032447","ids":",gcmtc112676a,ushis3419,gcmt19761126111925,nc1032447,iscgem706390,usp0000kg3,","sources":",gcmt,ushis,gcmt,nc,iscgem,us,","types":",focal-mechanism,impact-text,nearby-cities,origin,phase-data,shakemap,","nst":13,"dmin":0.6577,"rms":0.09,"gap":318,"magType":"ml","type":"earthquake","title":"M 6.3 - 67 km W of Trinidad, California"},"geometry":{"type":"Point","coordinates":[-124.9496667,41.0351667,41.78]},"id":"nc1032447"},
{"type":"Feature","properties":{"mag":6.1,"place":"55 km NE of Beatty, Nevada","time":195920100100,"updated":1459602253815,"tz":null,"url":"https://earthquake.usgs.gov/earthquakes/eventpage/usp0000fg8","detail":"https://earthquake.usgs.gov/fdsnws/event/1/query?eventid=usp0000fg8&format=geojson","felt":null,"cdi":null,"mmi":null,"alert":null,"status":"reviewed","tsunami":0,"sig":572,"net":"us","code":"p0000fg8","ids":",ci3002390,usp0000fg8,","sources":",ci,us,","types":",nearby-cities,origin,phase-data,","nst":null,"dmin":null,"rms":null,"gap":null,"magType":"mb","type":"nuclear explosion","title":"M 6.1 Nuclear Explosion - 55 km NE of Beatty, Nevada"},"geometry":{"type":"Point","coordinates":[-116.312,37.256,0]},"id":"usp0000fg8"},
{"type":"Feature","properties":{"mag":6.3,"place":"51 km NNE of Beatty, Nevada","time":195654600200,"updated":1459624700076,"tz":null,"url":"https://earthquake.usgs.gov/earthquakes/eventpage/usp0000feq","detail":"https://earthquake.usgs.gov/fdsnws/event/1/query?eventid=usp0000feq&format=geojson","felt":null,"cdi":null,"mmi":null,"alert":null,"status":"reviewed","tsunami":0,"sig":611,"net":"us","code":"p0000feq","ids":",ci3002345,usp0000feq,","sources":",ci,us,","types":",nearby-cities,origin,phase-data,","nst":null,"dmin":null,"rms":null,"gap":null,"magType":"mb","type":"nuclear explosion","title":"M 6.3 Nuclear Explosion - 51 km NNE of Beatty, Nevada"},"geometry":{"type":"Point","coordinates":[-116.471,37.306,0]},"id":"usp0000feq"},
{"type":"Feature","properties":{"mag":6,"place":"56 km NE of Beatty, Nevada","time":195228000100,"updated":1459544249667,"tz":null,"url":"https://earthquake.usgs.gov/earthquakes/eventpage/usp0000fch","detail":"https://earthquake.usgs.gov/fdsnws/event/1/query?eventid=usp0000fch&format=geojson","felt":null,"cdi":null,"mmi":null,"alert":null,"status":"reviewed","tsunami":0,"sig":554,"net":"us","code":"p0000fch","ids":",ci3002296,usp0000fch,","sources":",ci,us,","types":",nearby-cities,origin,phase-data,","nst":null,"dmin":null,"rms":null,"gap":null,"magType":"mb","type":"nuclear explosion","title":"M 6.0 Nuclear Explosion - 56 km NE of Beatty, Nevada"},"geometry":{"type":"Point","coordinates":[-116.364,37.31,0]},"id":"usp0000fch"},
{"type":"Feature","properties":{"mag":6,"place":"47 km NE of Beatty, Nevada","time":193145400200,"updated":1459579055196,"tz":null,"url":"https://earthquake.usgs.gov/earthquakes/eventpage/usp0000f1z","detail":"https://earthquake.usgs.gov/fdsnws/event/1/query?eventid=usp0000f1z&format=geojson","felt":null,"cdi":null,"mmi":null,"alert":null,"status":"reviewed","tsunami":0,"sig":554,"net":"us","code":"p0000f1z","ids":",ci3002046,usp0000f1z,","sources":",ci,us,","types":",nearby-cities,origin,phase-data,","nst":null,"dmin":null,"rms":null,"gap":null,"magType":"mb","type":"nuclear explosion","title":"M 6.0 Nuclear Explosion - 47 km NE of Beatty, Nevada"},"geometry":{"type":"Point","coordinates":[-116.42,37.243,0]},"id":"usp0000f1z"},
{"type":"Feature","properties":{"mag":6.3,"place":"46 km NNE of Beatty, Nevada","time":192984300200,"updated":1493227749042,"tz":null,"url":"https://earthquake.usgs.gov/earthquakes/eventpage/usp0000f1b","detail":"https://earthquake.usgs.gov/fdsnws/event/1/query?eventid=usp0000f1b&format=geojson","felt":null,"cdi":null,"mmi":null,"alert":null,"status":"reviewed","tsunami":0,"sig":611,"net":"us","code":"p0000f1b","ids":",ci3002022,atlas19760212144500,usp0000f1b,","sources":",ci,atlas,us,","types":",nearby-cities,origin,phase-data,touch,","nst":null,"dmin":null,"rms":null,"gap":null,"magType":"mb","type":"nuclear explosion","title":"M 6.3 Nuclear Explosion - 46 km NNE of Beatty, Nevada"},"geometry":{"type":"Point","coordinates":[-116.488,37.271,0]},"id":"usp0000f1b"},
{"type":"Feature","properties":{"mag":6.2,"place":"57 km NE of Beatty, Nevada","time":189544500200,"updated":1454103426080,"tz":null,"url":"https://earthquake.usgs.gov/earthquakes/eventpage/usp0000e9f","detail":"https://earthquake.usgs.gov/fdsnws/event/1/query?eventid=usp0000e9f&format=geojson","felt":null,"cdi":null,"mmi":null,"alert":null,"status":"reviewed","tsunami":0,"sig":591,"net":"us","code":"p0000e9f","ids":",ci3001652,usp0000e9f,","sources":",ci,us,","types":",origin,phase-data,","nst":null,"dmin":null,"rms":null,"gap":null,"magType":"mb","type":"nuclear explosion","title":"M 6.2 Nuclear Explosion - 57 km NE of Beatty, Nevada"},"geometry":{"type":"Point","coordinates":[-116.333,37.297,0]},"id":"usp0000e9f"},
{"type":"Feature","properties":{"mag":6,"place":"49 km NE of Beatty, Nevada","time":185727600100,"updated":1454103425480,"tz":null,"url":"https://earthquake.usgs.gov/earthquakes/eventpage/usp0000dnt","detail":"https://earthquake.usgs.gov/fdsnws/event/1/query?eventid=usp0000dnt&format=geojson","felt":null,"cdi":null,"mmi":null,"alert":null,"status":"reviewed","tsunami":0,"sig":554,"net":"us","code":"p0000dnt","ids":",ci3006424,usp0000dnt,","sources":",ci,us,","types":",origin,phase-data,","nst":null,"dmin":null,"rms":null,"gap":null,"magType":"mb","type":"nuclear explosion","title":"M 6.0 Nuclear Explosion - 49 km NE of Beatty, Nevada"},"geometry":{"type":"Point","coordinates":[-116.368,37.225,0]},"id":"usp0000dnt"},
{"type":"Feature","properties":{"mag":6.4,"place":"52 km NE of Beatty, Nevada","time":183738600200,"updated":1454104879580,"tz":null,"url":"https://earthquake.usgs.gov/earthquakes/eventpage/usp0000dat","detail":"https://earthquake.usgs.gov/fdsnws/event/1/query?eventid=usp0000dat&format=geojson","felt":null,"cdi":null,"mmi":null,"alert":null,"status":"reviewed","tsunami":0,"sig":630,"net":"us","code":"p0000dat","ids":",ci3006257,usp0000dat,","sources":",ci,us,","types":",origin,phase-data,","nst":null,"dmin":null,"rms":null,"gap":null,"magType":"mb","type":"nuclear explosion","title":"M 6.4 Nuclear Explosion - 52 km NE of Beatty, Nevada"},"geometry":{"type":"Point","coordinates":[-116.411,37.29,0]},"id":"usp0000dat"},
{"type":"Feature","properties":{"mag":6.2,"place":"53 km NE of Beatty, Nevada","time":173017800200,"updated":1454101990330,"tz":null,"url":"https://earthquake.usgs.gov/earthquakes/eventpage/usp0000bss","detail":"https://earthquake.usgs.gov/fdsnws/event/1/query?eventid=usp0000bss&format=geojson","felt":null,"cdi":null,"mmi":null,"alert":null,"status":"reviewed","tsunami":0,"sig":591,"net":"us","code":"p0000bss","ids":",ci12328563,usp0000bss,","sources":",ci,us,","types":",origin,phase-data,","nst":null,"dmin":null,"rms":null,"gap":null,"magType":"mb","type":"nuclear explosion","title":"M 6.2 Nuclear Explosion - 53 km NE of Beatty, Nevada"},"geometry":{"type":"Point","coordinates":[-116.369,37.279,0]},"id":"usp0000bss"},
{"type":"Feature","properties":{"mag":6.1,"place":"60 km WSW of Rachel, Nevada","time":172414800100,"updated":1454102455190,"tz":null,"url":"https://earthquake.usgs.gov/earthquakes/eventpage/usp0000bnk","detail":"https://earthquake.usgs.gov/fdsnws/event/1/query?eventid=usp0000bnk&format=geojson","felt":null,"cdi":null,"mmi":null,"alert":null,"status":"reviewed","tsunami":0,"sig":572,"net":"us","code":"p0000bnk","ids":",ci12328559,usp0000bnk,","sources":",ci,us,","types":",origin,phase-data,","nst":null,"dmin":null,"rms":null,"gap":null,"magType":"mb","type":"nuclear explosion","title":"M 6.1 Nuclear Explosion - 60 km WSW of Rachel, Nevada"},"geometry":{"type":"Point","coordinates":[-116.32,37.35,0]},"id":"usp0000bnk"},
{"type":"Feature","properties":{"mag":6,"place":"42 km NE of Beatty, Nevada","time":169308000400,"updated":1454103924680,"tz":null,"url":"https://earthquake.usgs.gov/earthquakes/eventpage/usp0000b1a","detail":"https://earthquake.usgs.gov/fdsnws/event/1/query?eventid=usp0000b1a&format=geojson","felt":null,"cdi":null,"mmi":null,"alert":null,"status":"reviewed","tsunami":0,"sig":554,"net":"us","code":"p0000b1a","ids":",ci12328547,usp0000b1a,","sources":",ci,us,","types":",origin,phase-data,","nst":null,"dmin":null,"rms":null,"gap":null,"magType":"mb","type":"nuclear explosion","title":"M 6.0 Nuclear Explosion - 42 km NE of Beatty, Nevada"},"geometry":{"type":"Point","coordinates":[-116.474,37.221,0]},"id":"usp0000b1a"},
{"type":"Feature","properties":{"mag":6.1,"place":"52 km NE of Beatty, Nevada","time":108219600100,"updated":1454030207530,"tz":null,"url":"https://earthquake.usgs.gov/earthquakes/eventpage/usp000021x","detail":"https://earthquake.usgs.gov/fdsnws/event/1/query?eventid=usp000021x&format=geojson","felt":null,"cdi":null,"mmi":null,"alert":null,"status":"reviewed","tsunami":0,"sig":572,"net":"us","code":"p000021x","ids":",ci3319623,usp000021x,","sources":",ci,us,","types":",origin,phase-data,","nst":null,"dmin":null,"rms":null,"gap":null,"magType":"mb","type":"nuclear explosion","title":"M 6.1 Nuclear Explosion - 52 km NE of Beatty, Nevada"},"geometry":{"type":"Point","coordinates":[-116.346,37.245,0]},"id":"usp000021x"},
{"type":"Feature","properties":{"mag":6.6,"place":"10km SSW of Agua Dulce, CA","time":34956041920,"updated":1666800337325,"tz":null,"url":"https://earthquake.usgs.gov/earthquakes/eventpage/ci3347678","detail":"https://earthquake.usgs.gov/fdsnws/event/1/query?eventid=ci3347678&format=geojson","felt":1142,"cdi":8.6,"mmi":8.691,"alert":null,"status":"reviewed","tsunami":0,"sig":1530,"net":"ci","code":"3347678","ids":",cisanferna,ci3347678,ushis3133,iscgem787038,atlas19710209140041,","sources":",ci,ci,ushis,iscgem,atlas,","types":",dyfi,ground-failure,impact-text,origin,phase-data,shakemap,trump-shakemap,","nst":0,"dmin":null,"rms":0.249,"gap":123.4,"magType":"mw","type":"earthquake","title":"M 6.6 - 10km SSW of Agua Dulce, CA"},"geometry":{"type":"Point","coordinates":[-118.37,34.416,8.95]},"id":"ci3347678"},
{"type":"Feature","properties":{"mag":6,"place":"85 km WSW of Vandenberg Air Force Base, California","time":-4860347810,"updated":1651009929577,"tz":null,"url":"https://earthquake.usgs.gov/earthquakes/eventpage/iscgem801913","detail":"https://earthquake.usgs.gov/fdsnws/event/1/query?eventid=iscgem801913&format=geojson","felt":null,"cdi":null,"mmi":null,"alert":null,"status":"reviewed","tsunami":0,"sig":554,"net":"iscgem","code":"801913","ids":",ushis3073,ci3325886,iscgem801913,","sources":",ushis,ci,iscgem,","types":",impact-text,origin,phase-data,","nst":null,"dmin":null,"rms":null,"gap":null,"magType":"mw","type":"earthquake","title":"M 6.0 - 85 km WSW of Vandenberg Air Force Base, California"},"geometry":{"type":"Point","coordinates":[-121.428,34.589,10]},"id":"iscgem801913"},
{"type":"Feature","properties":{"mag":6.6,"place":"5km NNE of Ocotillo Wells, CA","time":-54595861610,"updated":1651012483822,"tz":null,"url":"https://earthquake.usgs.gov/earthquakes/eventpage/ci3329122","detail":"https://earthquake.usgs.gov/fdsnws/event/1/query?eventid=ci3329122&format=geojson","felt":null,"cdi":null,"mmi":8.722,"alert":null,"status":"reviewed","tsunami":0,"sig":670,"net":"ci","code":"3329122","ids":",ci3329122,ushis2992,iscgem823631,atlas19680409022901,","sources":",ci,ushis,iscgem,atlas,","types":",ground-failure,impact-text,nearby-cities,origin,phase-data,shakemap,trump-shakemap,","nst":15,"dmin":0.6012,"rms":0.33,"gap":128,"magType":"mw","type":"earthquake","title":"M 6.6 - 5km NNE of Ocotillo Wells, CA"},"geometry":{"type":"Point","coordinates":[-116.103,33.1798333,10]},"id":"ci3329122"},
{"type":"Feature","properties":{"mag":6,"place":"near the coast of Northern California","time":-302049726580,"updated":1650990684478,"tz":null,"url":"https://earthquake.usgs.gov/earthquakes/eventpage/iscgem879414","detail":"https://earthquake.usgs.gov/fdsnws/event/1/query?eventid=iscgem879414&format=geojson","felt":null,"cdi":null,"mmi":4.936,"alert":null,"status":"reviewed","tsunami":0,"sig":554,"net":"iscgem","code":"879414","ids":",ushis2444,iscgem879414,","sources":",ushis,iscgem,","types":",impact-text,origin,shakemap,trump-origin,","nst":null,"dmin":null,"rms":null,"gap":null,"magType":"mw","type":"earthquake","title":"M 6.0 - near the coast of Northern California"},"geometry":{"type":"Point","coordinates":[-124.792,40.729,15]},"id":"iscgem879414"},
{"type":"Feature","properties":{"mag":6.63,"place":null,"time":-474264210370,"updated":1650995316028,"tz":null,"url":"https://earthquake.usgs.gov/earthquakes/eventpage/iscgem891371","detail":"https://earthquake.usgs.gov/fdsnws/event/1/query?eventid=iscgem891371&format=geojson","felt":null,"cdi":null,"mmi":6.777,"alert":null,"status":"reviewed","tsunami":0,"sig":676,"net":"iscgem","code":"891371","ids":",iscgem891371,ushis2000,","sources":",iscgem,ushis,","types":",impact-text,origin,shakemap,","nst":null,"dmin":null,"rms":null,"gap":null,"magType":"mw","type":"earthquake","title":"M 6.6 - "},"geometry":{"type":"Point","coordinates":[-123.893,40.846,15]},"id":"iscgem891371"},
{"type":"Feature","properties":{"mag":6.6,"place":"42 km NNE of Gabbs, Nevada","time":-474727704180,"updated":1650995313128,"tz":null,"url":"https://earthquake.usgs.gov/earthquakes/eventpage/iscgem891357","detail":"https://earthquake.usgs.gov/fdsnws/event/1/query?eventid=iscgem891357&format=geojson","felt":null,"cdi":null,"mmi":7.423,"alert":null,"status":"reviewed","tsunami":0,"sig":670,"net":"iscgem","code":"891357","ids":",iscgem891357,ushis1986,","sources":",iscgem,ushis,","types":",impact-text,origin,shakemap,","nst":null,"dmin":null,"rms":null,"gap":null,"magType":"mw","type":"earthquake","title":"M 6.6 - 42 km NNE of Gabbs, Nevada"},"geometry":{"type":"Point","coordinates":[-117.704,39.207,15]},"id":"iscgem891357"},
{"type":"Feature","properties":{"mag":7.1,"place":"53 km N of Gabbs, Nevada","time":-474727962980,"updated":1650995311790,"tz":null,"url":"https://earthquake.usgs.gov/earthquakes/eventpage/iscgem891356","detail":"https://earthquake.usgs.gov/fdsnws/event/1/query?eventid=iscgem891356&format=geojson","felt":null,"cdi":null,"mmi":7.662,"alert":null,"status":"reviewed","tsunami":0,"sig":776,"net":"iscgem","code":"891356","ids":",iscgem891356,ushis1985,","sources":",iscgem,ushis,","types":",impact-text,origin,shakemap,","nst":null,"dmin":null,"rms":null,"gap":null,"magType":"mw","type":"earthquake","title":"M 7.1 - 53 km N of Gabbs, Nevada"},"geometry":{"type":"Point","coordinates":[-117.981,39.346,10]},"id":"iscgem891356"},
{"type":"Feature","properties":{"mag":6.5,"place":"17 km ESE of Fallon Station, Nevada","time":-484596504840,"updated":1650995186837,"tz":null,"url":"https://earthquake.usgs.gov/earthquakes/eventpage/iscgem890996","detail":"https://earthquake.usgs.gov/fdsnws/event/1/query?eventid=iscgem890996&format=geojson","felt":null,"cdi":null,"mmi":6.672,"alert":null,"status":"reviewed","tsunami":0,"sig":650,"net":"iscgem","code":"890996","ids":",iscgem890996,ushis1969,","sources":",iscgem,ushis,","types":",impact-text,origin,shakemap,","nst":null,"dmin":null,"rms":null,"gap":null,"magType":"mw","type":"earthquake","title":"M 6.5 - 17 km ESE of Fallon Station, Nevada"},"geometry":{"type":"Point","coordinates":[-118.516,39.378,15]},"id":"iscgem890996"},
{"type":"Feature","properties":{"mag":6.2,"place":"12 km E of Fallon Station, Nevada","time":-488810796580,"updated":1650995084173,"tz":null,"url":"https://earthquake.usgs.gov/earthquakes/eventpage/iscgem890822","detail":"https://earthquake.usgs.gov/fdsnws/event/1/query?eventid=iscgem890822&format=geojson","felt":null,"cdi":null,"mmi":7.558,"alert":null,"status":"reviewed","tsunami":0,"sig":591,"net":"iscgem","code":"890822","ids":",ushis1941,iscgem890822,","sources":",ushis,iscgem,","types":",general-header,impact-text,origin,shakemap,","nst":null,"dmin":null,"rms":null,"gap":null,"magType":"mw","type":"earthquake","title":"M 6.2 - 12 km E of Fallon Station, Nevada"},"geometry":{"type":"Point","coordinates":[-118.566,39.42,10]},"id":"iscgem890822"},
{"type":"Feature","properties":{"mag":6.4,"place":"12km W of Salton City, CA","time":-498233132170,"updated":1650994921844,"tz":null,"url":"https://earthquake.usgs.gov/earthquakes/eventpage/ci3299653","detail":"https://earthquake.usgs.gov/fdsnws/event/1/query?eventid=ci3299653&format=geojson","felt":null,"cdi":null,"mmi":7.583,"alert":null,"status":"reviewed","tsunami":0,"sig":630,"net":"ci","code":"3299653","ids":",ushis1918,ci3299653,iscgem890444,","sources":",ushis,ci,iscgem,","types":",impact-text,nearby-cities,origin,phase-data,shakemap,","nst":10,"dmin":null,"rms":0.54,"gap":246,"magType":"mw","type":"earthquake","title":"M 6.4 - 12km W of Salton City, CA"},"geometry":{"type":"Point","coordinates":[-116.0805,33.2985,6]},"id":"ci3299653"},
{"type":"Feature","properties":{"mag":6.2,"place":"28km NW of Cambria, CA","time":-539885603680,"updated":1650996668790,"tz":null,"url":"https://earthquake.usgs.gov/earthquakes/eventpage/ci3307216","detail":"https://earthquake.usgs.gov/fdsnws/event/1/query?eventid=ci3307216&format=geojson","felt":null,"cdi":null,"mmi":7.473,"alert":null,"status":"reviewed","tsunami":0,"sig":591,"net":"ci","code":"3307216","ids":",ushis1873,iscgem893793,ci3307216,","sources":",ushis,iscgem,ci,","types":",impact-text,origin,phase-data,shakemap,","nst":10,"dmin":null,"rms":0.54,"gap":288,"magType":"ml","type":"earthquake","title":"M 6.2 - 28km NW of Cambria, CA"},"geometry":{"type":"Point","coordinates":[-121.3278333,35.7231667,6]},"id":"ci3307216"},
{"type":"Feature","properties":{"mag":6.01,"place":"31 km NW of Shelter Cove, California","time":-545141910250,"updated":1650996402506,"tz":null,"url":"https://earthquake.usgs.gov/earthquakes/eventpage/iscgem893449","detail":"https://earthquake.usgs.gov/fdsnws/event/1/query?eventid=iscgem893449&format=geojson","felt":null,"cdi":null,"mmi":6.53,"alert":null,"status":"reviewed","tsunami":0,"sig":556,"net":"iscgem","code":"893449","ids":",ushis1867,iscgem893449,","sources":",ushis,iscgem,","types":",impact-text,origin,shakemap,trump-origin,","nst":null,"dmin":null,"rms":null,"gap":null,"magType":"mw","type":"earthquake","title":"M 6.0 - 31 km NW of Shelter Cove, California"},"geometry":{"type":"Point","coordinates":[-124.322,40.234,15]},"id":"iscgem893449"},
{"type":"Feature","properties":{"mag":7.5,"place":"6km WNW of Grapevine, CA","time":-550584465460,"updated":1650996309065,"tz":null,"url":"https://earthquake.usgs.gov/earthquakes/eventpage/ci3319401","detail":"https://earthquake.usgs.gov/fdsnws/event/1/query?eventid=ci3319401&format=geojson","felt":110,"cdi":9,"mmi":9.026,"alert":null,"status":"reviewed","tsunami":0,"sig":964,"net":"ci","code":"3319401","ids":",citehachap,ci3319401,ushis1787,iscgem893168,","sources":",ci,ci,ushis,iscgem,","types":",dyfi,impact-text,nearby-cities,origin,phase-data,shakemap,","nst":8,"dmin":null,"rms":0.39,"gap":146,"magType":"mw","type":"earthquake","title":"M 7.5 - 6km WNW of Grapevine, CA"},"geometry":{"type":"Point","coordinates":[-118.998,34.9581667,6]},"id":"ci3319401"},
{"type":"Feature","properties":{"mag":6.02,"place":"53 km SW of Ferndale, California","time":-575408961920,"updated":1650997106295,"tz":null,"url":"https://earthquake.usgs.gov/earthquakes/eventpage/iscgem894786","detail":"https://earthquake.usgs.gov/fdsnws/event/1/query?eventid=iscgem894786&format=geojson","felt":null,"cdi":null,"mmi":5.169,"alert":null,"status":"reviewed","tsunami":0,"sig":558,"net":"iscgem","code":"894786","ids":",ushis1753,iscgem894786,","sources":",ushis,iscgem,","types":",impact-text,origin,shakemap,trump-origin,","nst":null,"dmin":null,"rms":null,"gap":null,"magType":"mw","type":"earthquake","title":"M 6.0 - 53 km SW of Ferndale, California"},"geometry":{"type":"Point","coordinates":[-124.713,40.238,15]},"id":"iscgem894786"},
{"type":"Feature","properties":{"mag":6,"place":"16km E of Desert Hot Springs, CA","time":-665021803590,"updated":1650998751780,"tz":null,"url":"https://earthquake.usgs.gov/earthquakes/eventpage/ci9860350","detail":"https://earthquake.usgs.gov/fdsnws/event/1/query?eventid=ci9860350&format=geojson","felt":null,"cdi":null,"mmi":7.161,"alert":null,"status":"reviewed","tsunami":0,"sig":554,"net":"ci","code":"9860350","ids":",ushis1637,ci9860350,iscgem897665,","sources":",ushis,ci,iscgem,","types":",impact-text,nearby-cities,origin,phase-data,shakemap,","nst":7,"dmin":0.7689,"rms":0.26,"gap":246,"magType":"mw","type":"earthquake","title":"M 6.0 - 16km E of Desert Hot Springs, CA"},"geometry":{"type":"Point","coordinates":[-116.3308333,33.9833333,6]},"id":"ci9860350"},
{"type":"Feature","properties":{"mag":6.5,"place":"34km SSE of Fort Irwin, CA","time":-717235314890,"updated":1650998862351,"tz":null,"url":"https://earthquake.usgs.gov/earthquakes/eventpage/ci3358945","detail":"https://earthquake.usgs.gov/fdsnws/event/1/query?eventid=ci3358945&format=geojson","felt":null,"cdi":null,"mmi":7.629,"alert":null,"status":"reviewed","tsunami":0,"sig":650,"net":"ci","code":"3358945","ids":",ushis1575,iscgem897809,ci3358945,","sources":",ushis,iscgem,ci,","types":",impact-text,origin,phase-data,shakemap,","nst":8,"dmin":1.208,"rms":0.51,"gap":223,"magType":"mw","type":"earthquake","title":"M 6.5 - 34km SSE of Fort Irwin, CA"},"geometry":{"type":"Point","coordinates":[-116.5315,34.9828333,6]},"id":"ci3358945"},
{"type":"Feature","properties":{"mag":6.3,"place":"13km WNW of Inyokern, CA","time":-751025422910,"updated":1650999250106,"tz":null,"url":"https://earthquake.usgs.gov/earthquakes/eventpage/ci3360174","detail":"https://earthquake.usgs.gov/fdsnws/event/1/query?eventid=ci3360174&format=geojson","felt":null,"cdi":null,"mmi":7.576,"alert":null,"status":"reviewed","tsunami":0,"sig":611,"net":"ci","code":"3360174","ids":",ushis1520,ci3360174,iscgem898284,","sources":",ushis,ci,iscgem,","types":",impact-text,nearby-cities,origin,phase-data,shakemap,","nst":8,"dmin":0.4334,"rms":0.26,"gap":158,"magType":"mh","type":"earthquake","title":"M 6.3 - 13km WNW of Inyokern, CA"},"geometry":{"type":"Point","coordinates":[-117.9441667,35.7023333,6]},"id":"ci3360174"},
{"type":"Feature","properties":{"mag":6.6,"place":"17km WSW of Westmorland, CA","time":-858238668020,"updated":1651000884617,"tz":null,"url":"https://earthquake.usgs.gov/earthquakes/eventpage/ci3366099","detail":"https://earthquake.usgs.gov/fdsnws/event/1/query?eventid=ci3366099&format=geojson","felt":null,"cdi":null,"mmi":7.765,"alert":null,"status":"reviewed","tsunami":0,"sig":670,"net":"ci","code":"3366099","ids":",ushis1413,ci3366099,iscgem900505,","sources":",ushis,ci,iscgem,","types":",impact-text,nearby-cities,origin,phase-data,shakemap,","nst":7,"dmin":null,"rms":0.34,"gap":291,"magType":"mw","type":"earthquake","title":"M 6.6 - 17km WSW of Westmorland, CA"},"geometry":{"type":"Point","coordinates":[-115.7853333,32.9753333,6]},"id":"ci3366099"},
{"type":"Feature","properties":{"mag":6.49,"place":"68 km W of Ferndale, California","time":-891330409560,"updated":1651001436838,"tz":null,"url":"https://earthquake.usgs.gov/earthquakes/eventpage/iscgem901027","detail":"https://earthquake.usgs.gov/fdsnws/event/1/query?eventid=iscgem901027&format=geojson","felt":null,"cdi":null,"mmi":5.161,"alert":null,"status":"reviewed","tsunami":0,"sig":648,"net":"iscgem","code":"901027","ids":",ushis1379,iscgem901027,","sources":",ushis,iscgem,","types":",impact-text,origin,shakemap,trump-origin,","nst":null,"dmin":null,"rms":null,"gap":null,"magType":"mw","type":"earthquake","title":"M 6.5 - 68 km W of Ferndale, California"},"geometry":{"type":"Point","coordinates":[-125.064,40.488,10]},"id":"iscgem901027"},
{"type":"Feature","properties":{"mag":6.9,"place":"4km N of Holtville, CA","time":-934744999500,"updated":1651001705842,"tz":null,"url":"https://earthquake.usgs.gov/earthquakes/eventpage/ci3365279","detail":"https://earthquake.usgs.gov/fdsnws/event/1/query?eventid=ci3365279&format=geojson","felt":null,"cdi":null,"mmi":8.859,"alert":null,"status":"reviewed","tsunami":0,"sig":732,"net":"ci","code":"3365279","ids":",ci3365279,ushis1297,iscgem901341,","sources":",ci,ushis,iscgem,","types":",impact-text,nearby-cities,origin,phase-data,shakemap,","nst":7,"dmin":null,"rms":0.42,"gap":300,"magType":"mw","type":"earthquake","title":"M 6.9 - 4km N of Holtville, CA"},"geometry":{"type":"Point","coordinates":[-115.381,32.8441667,6]},"id":"ci3365279"},
{"type":"Feature","properties":{"mag":6,"place":"16km WSW of Oasis, CA","time":-1034147457820,"updated":1650920822596,"tz":null,"url":"https://earthquake.usgs.gov/earthquakes/eventpage/ci3364162","detail":"https://earthquake.usgs.gov/fdsnws/event/1/query?eventid=ci3364162&format=geojson","felt":null,"cdi":null,"mmi":7.34,"alert":null,"status":"reviewed","tsunami":0,"sig":554,"net":"ci","code":"3364162","ids":",ushis1167,iscgem903010,ci3364162,","sources":",ushis,iscgem,ci,","types":",impact-text,origin,phase-data,shakemap,","nst":5,"dmin":0.9981,"rms":0.58,"gap":264,"magType":"ml","type":"earthquake","title":"M 6.0 - 16km WSW of Oasis, CA"},"geometry":{"type":"Point","coordinates":[-116.25,33.4,6]},"id":"ci3364162"},
{"type":"Feature","properties":{"mag":6.03,"place":"28 km NNW of Benton, California","time":-1133495005900,"updated":1650922910436,"tz":null,"url":"https://earthquake.usgs.gov/earthquakes/eventpage/iscgem904767","detail":"https://earthquake.usgs.gov/fdsnws/event/1/query?eventid=iscgem904767&format=geojson","felt":null,"cdi":null,"mmi":null,"alert":null,"status":"reviewed","tsunami":0,"sig":559,"net":"iscgem","code":"904767","ids":",ushis1021,iscgem904767,","sources":",ushis,iscgem,","types":",general-header,impact-text,origin,","nst":null,"dmin":null,"rms":null,"gap":null,"magType":"mw","type":"earthquake","title":"M 6.0 - 28 km NNW of Benton, California"},"geometry":{"type":"Point","coordinates":[-118.653,38.035,15]},"id":"iscgem904767"},
{"type":"Feature","properties":{"mag":6.08,"place":"22 km SSE of Stagecoach, Nevada","time":-1152414871010,"updated":1650923762026,"tz":null,"url":"https://earthquake.usgs.gov/earthquakes/eventpage/iscgem905662","detail":"https://earthquake.usgs.gov/fdsnws/event/1/query?eventid=iscgem905662&format=geojson","felt":null,"cdi":null,"mmi":null,"alert":null,"status":"reviewed","tsunami":0,"sig":569,"net":"iscgem","code":"905662","ids":",ushis994,iscgem905662,","sources":",ushis,iscgem,","types":",impact-text,origin,","nst":null,"dmin":null,"rms":null,"gap":null,"magType":"mw","type":"earthquake","title":"M 6.1 - 22 km SSE of Stagecoach, Nevada"},"geometry":{"type":"Point","coordinates":[-119.32,39.177,15]},"id":"iscgem905662"},
{"type":"Feature","properties":{"mag":6.4,"place":"Long Beach, California Earthquake","time":-1161641150660,"updated":1664037791895,"tz":null,"url":"https://earthquake.usgs.gov/earthquakes/eventpage/ci3359741","detail":"https://earthquake.usgs.gov/fdsnws/event/1/query?eventid=ci3359741&format=geojson","felt":202,"cdi":6.9,"mmi":7.829,"alert":null,"status":"reviewed","tsunami":0,"sig":770,"net":"ci","code":"3359741","ids":",ci3359741,ushis945,iscgem905457,","sources":",ci,ushis,iscgem,","types":",dyfi,impact-text,nearby-cities,origin,phase-data,shakemap,","nst":7,"dmin":0.5357,"rms":0.23,"gap":161,"magType":"mw","type":"earthquake","title":"M 6.4 - Long Beach, California Earthquake"},"geometry":{"type":"Point","coordinates":[-117.9995,33.6308333,6]},"id":"ci3359741"},
{"type":"Feature","properties":{"mag":6.8,"place":"27 km NNE of Mina, Nevada","time":-1168537789300,"updated":1650920983201,"tz":null,"url":"https://earthquake.usgs.gov/earthquakes/eventpage/iscgem906508","detail":"https://earthquake.usgs.gov/fdsnws/event/1/query?eventid=iscgem906508&format=geojson","felt":null,"cdi":null,"mmi":7.571,"alert":null,"status":"reviewed","tsunami":0,"sig":711,"net":"iscgem","code":"906508","ids":",iscgem906508,ushis916,","sources":",iscgem,ushis,","types":",impact-text,origin,shakemap,trump-origin,","nst":null,"dmin":null,"rms":null,"gap":null,"magType":"mw","type":"earthquake","title":"M 6.8 - 27 km NNE of Mina, Nevada"},"geometry":{"type":"Point","coordinates":[-117.952,38.604,10]},"id":"iscgem906508"},
{"type":"Feature","properties":{"mag":6.45,"place":"6 km W of Fields Landing, California","time":-1185635733700,"updated":1650924339831,"tz":null,"url":"https://earthquake.usgs.gov/earthquakes/eventpage/iscgem906203","detail":"https://earthquake.usgs.gov/fdsnws/event/1/query?eventid=iscgem906203&format=geojson","felt":null,"cdi":null,"mmi":6.8,"alert":null,"status":"reviewed","tsunami":0,"sig":640,"net":"iscgem","code":"906203","ids":",iscgem906203,ushis899,","sources":",iscgem,ushis,","types":",impact-text,origin,shakemap,trump-origin,","nst":null,"dmin":null,"rms":null,"gap":null,"magType":"mw","type":"earthquake","title":"M 6.5 - 6 km W of Fields Landing, California"},"geometry":{"type":"Point","coordinates":[-124.287,40.729,15]},"id":"iscgem906203"},
{"type":"Feature","properties":{"mag":6.9,"place":"18 km WSW of Vandenberg Air Force Base, California","time":-1330423736590,"updated":1650928290975,"tz":null,"url":"https://earthquake.usgs.gov/earthquakes/eventpage/iscgem909604","detail":"https://earthquake.usgs.gov/fdsnws/event/1/query?eventid=iscgem909604&format=geojson","felt":null,"cdi":null,"mmi":7.294,"alert":null,"status":"reviewed","tsunami":0,"sig":732,"net":"iscgem","code":"909604","ids":",ushis775,iscgem909604,","sources":",ushis,iscgem,","types":",associate,impact-text,origin,shakemap,trump-origin,","nst":null,"dmin":null,"rms":null,"gap":null,"magType":"mw","type":"earthquake","title":"M 6.9 - 18 km WSW of Vandenberg Air Force Base, California"},"geometry":{"type":"Point","coordinates":[-120.705,34.68,10]},"id":"iscgem909604"},
{"type":"Feature","properties":{"mag":6.31,"place":"16 km SW of Davenport, California","time":-1363083870690,"updated":1650928825950,"tz":null,"url":"https://earthquake.usgs.gov/earthquakes/eventpage/iscgem910175","detail":"https://earthquake.usgs.gov/fdsnws/event/1/query?eventid=iscgem910175&format=geojson","felt":null,"cdi":null,"mmi":6.073,"alert":null,"status":"reviewed","tsunami":0,"sig":613,"net":"iscgem","code":"910175","ids":",iscgem910175,ushis751,","sources":",iscgem,ushis,","types":",associate,disassociate,impact-text,origin,shakemap,trump-origin,","nst":null,"dmin":null,"rms":null,"gap":null,"magType":"mw","type":"earthquake","title":"M 6.3 - 16 km SW of Davenport, California"},"geometry":{"type":"Point","coordinates":[-122.341,36.924,10]},"id":"iscgem910175"},
{"type":"Feature","properties":{"mag":6.35,"place":"22 km S of Davenport, California","time":-1363087483830,"updated":1650928820229,"tz":null,"url":"https://earthquake.usgs.gov/earthquakes/eventpage/iscgem910174","detail":"https://earthquake.usgs.gov/fdsnws/event/1/query?eventid=iscgem910174&format=geojson","felt":null,"cdi":null,"mmi":null,"alert":null,"status":"reviewed","tsunami":0,"sig":620,"net":"iscgem","code":"910174","ids":",iscgem910174,","sources":",iscgem,","types":",origin,","nst":null,"dmin":null,"rms":null,"gap":null,"magType":"mw","type":"earthquake","title":"M 6.4 - 22 km S of Davenport, California"},"geometry":{"type":"Point","coordinates":[-122.205,36.808,15]},"id":"iscgem910174"},
{"type":"Feature","properties":{"mag":6.1,"place":"36 km W of Del Monte Forest, California","time":-1363087500000,"updated":1528145024000,"tz":null,"url":"https://earthquake.usgs.gov/earthquakes/eventpage/ushis750","detail":"https://earthquake.usgs.gov/fdsnws/event/1/query?eventid=ushis750&format=geojson","felt":null,"cdi":null,"mmi":null,"alert":null,"status":"reviewed","tsunami":0,"sig":572,"net":"ushis","code":"750","ids":",ushis750,","sources":",ushis,","types":",impact-text,origin,","nst":null,"dmin":null,"rms":null,"gap":null,"magType":"ms","type":"earthquake","title":"M 6.1 - 36 km W of Del Monte Forest, California"},"geometry":{"type":"Point","coordinates":[-122.35,36.617,null]},"id":"ushis750"},
{"type":"Feature","properties":{"mag":6.82,"place":"14km SSE of Isla Vista, CA","time":-1404551864000,"updated":1652132355598,"tz":null,"url":"https://earthquake.usgs.gov/earthquakes/eventpage/ci37161284","detail":"https://earthquake.usgs.gov/fdsnws/event/1/query?eventid=ci37161284&format=geojson","felt":null,"cdi":null,"mmi":6.692,"alert":null,"status":"reviewed","tsunami":0,"sig":716,"net":"ci","code":"37161284","ids":",ci37161284,ushis722,iscgem910569,","sources":",ci,ushis,iscgem,","types":",general-header,impact-text,nearby-cities,origin,shakemap,","nst":null,"dmin":null,"rms":null,"gap":null,"magType":"mw","type":"earthquake","title":"M 6.8 - 14km SSE of Isla Vista, CA"},"geometry":{"type":"Point","coordinates":[-119.8,34.3,10]},"id":"ci37161284"},
{"type":"Feature","properties":{"mag":6,"place":"72 km WSW of Crescent City, California","time":-1406721428000,"updated":1528145024000,"tz":null,"url":"https://earthquake.usgs.gov/earthquakes/eventpage/ushis718","detail":"https://earthquake.usgs.gov/fdsnws/event/1/query?eventid=ushis718&format=geojson","felt":null,"cdi":null,"mmi":null,"alert":null,"status":"reviewed","tsunami":0,"sig":554,"net":"ushis","code":"718","ids":",ushis718,","sources":",ushis,","types":",impact-text,origin,","nst":null,"dmin":null,"rms":null,"gap":null,"magType":"ms","type":"earthquake","title":"M 6.0 - 72 km WSW of Crescent City, California"},"geometry":{"type":"Point","coordinates":[-125,41.5,null]},"id":"ushis718"},
{"type":"Feature","properties":{"mag":6.21,"place":"3 km SE of San Bernardino, California","time":-1465662576090,"updated":1650929807882,"tz":null,"url":"https://earthquake.usgs.gov/earthquakes/eventpage/iscgem911466","detail":"https://earthquake.usgs.gov/fdsnws/event/1/query?eventid=iscgem911466&format=geojson","felt":null,"cdi":null,"mmi":null,"alert":null,"status":"reviewed","tsunami":0,"sig":593,"net":"iscgem","code":"911466","ids":",ushis694,iscgem911466,","sources":",ushis,iscgem,","types":",impact-text,origin,","nst":null,"dmin":null,"rms":null,"gap":null,"magType":"mw","type":"earthquake","title":"M 6.2 - 3 km SE of San Bernardino, California"},"geometry":{"type":"Point","coordinates":[-117.259,34.089,5]},"id":"iscgem911466"},
{"type":"Feature","properties":{"mag":7.12,"place":"66 km W of Ferndale, California","time":-1481381738700,"updated":1650929670705,"tz":null,"url":"https://earthquake.usgs.gov/earthquakes/eventpage/iscgem911261","detail":"https://earthquake.usgs.gov/fdsnws/event/1/query?eventid=iscgem911261&format=geojson","felt":null,"cdi":null,"mmi":5.241,"alert":null,"status":"reviewed","tsunami":0,"sig":780,"net":"iscgem","code":"911261","ids":",iscgem911261,ushis685,","sources":",iscgem,ushis,","types":",impact-text,origin,shakemap,trump-origin,","nst":null,"dmin":null,"rms":null,"gap":null,"magType":"mw","type":"earthquake","title":"M 7.1 - 66 km W of Ferndale, California"},"geometry":{"type":"Point","coordinates":[-125.034,40.482,15]},"id":"iscgem911261"},
{"type":"Feature","properties":{"mag":6.53,"place":"3 km ENE of Oxnard, California","time":-1508848736190,"updated":1650930021147,"tz":null,"url":"https://earthquake.usgs.gov/earthquakes/eventpage/iscgem911838","detail":"https://earthquake.usgs.gov/fdsnws/event/1/query?eventid=iscgem911838&format=geojson","felt":null,"cdi":null,"mmi":7.63,"alert":null,"status":"reviewed","tsunami":0,"sig":656,"net":"iscgem","code":"911838","ids":",ushis675,iscgem911838,","sources":",ushis,iscgem,","types":",associate,impact-text,origin,shakemap,","nst":null,"dmin":null,"rms":null,"gap":null,"magType":"mw","type":"earthquake","title":"M 6.5 - 3 km ENE of Oxnard, California"},"geometry":{"type":"Point","coordinates":[-119.143,34.209,10]},"id":"iscgem911838"}],"bbox":[-125.064,32.6673333,-0.097,-115.3591667,42.3575,41.78]}